S.No.,Date,Shift,Incharge,watt,Pallet_ID,Module_ID,Binning,JB_Type,Module_Type,Grade
1,2025-10-26,-,-,620 WATT,100158, SW1225010000002868 ,-,-,SW-DG132THC-620W,A GRADE
2,2025-10-26,-,-,620 WATT,100158, SW1225010000002841 ,-,-,SW-DG132THC-620W,A GRADE
3,2025-10-26,-,-,620 WATT,100158, SW1225010000002862 ,-,-,SW-DG132THC-620W,A GRADE
4,2025-10-26,-,-,620 WATT,100158, SW1225010000002743 ,-,-,SW-DG132THC-620W,A GRADE
5,2025-10-26,-,-,620 WATT,100158, SW1225010000002676 ,-,-,SW-DG132THC-620W,A GRADE
6,2025-10-26,-,-,620 WATT,100158, SW1225010000002952 ,-,-,SW-DG132THC-620W,A GRADE
7,2025-10-26,-,-,620 WATT,100158, SW1225010000002800 ,-,-,SW-DG132THC-620W,A GRADE
8,2025-10-26,-,-,620 WATT,100158, SW1225010000002820 ,-,-,SW-DG132THC-620W,A GRADE
9,2025-10-26,-,-,620 WATT,100158, SW1225010000002821 ,-,-,SW-DG132THC-620W,A GRADE
10,2025-10-26,-,-,620 WATT,100158, SW1225010000002795 ,-,-,SW-DG132THC-620W,A GRADE
11,2025-10-26,-,-,620 WATT,100158, SW1225010000002791 ,-,-,SW-DG132THC-620W,A GRADE
12,2025-10-26,-,-,620 WATT,100158, SW1225010000002789 ,-,-,SW-DG132THC-620W,A GRADE
13,2025-10-26,-,-,620 WATT,100158, SW1225010000002788 ,-,-,SW-DG132THC-620W,A GRADE
14,2025-10-26,-,-,620 WATT,100158, SW1225010000002782 ,-,-,SW-DG132THC-620W,A GRADE
15,2025-10-26,-,-,620 WATT,100158, SW1225010000002831 ,-,-,SW-DG132THC-620W,A GRADE
16,2025-10-26,-,-,620 WATT,100158, SW1225010000002720 ,-,-,SW-DG132THC-620W,A GRADE
17,2025-10-26,-,-,620 WATT,100158, SW1225010000002738 ,-,-,SW-DG132THC-620W,A GRADE
18,2025-10-26,-,-,620 WATT,100158, SW1225010000002722 ,-,-,SW-DG132THC-620W,A GRADE
19,2025-10-26,-,-,620 WATT,100158, SW1225010000002737 ,-,-,SW-DG132THC-620W,A GRADE
20,2025-10-26,-,-,620 WATT,100158, SW1225010000002679 ,-,-,SW-DG132THC-620W,A GRADE
21,2025-10-26,-,-,620 WATT,100158, SW1225010000002739 ,-,-,SW-DG132THC-620W,A GRADE
22,2025-10-26,-,-,620 WATT,100158, SW1225010000002704 ,-,-,SW-DG132THC-620W,A GRADE
23,2025-10-26,-,-,620 WATT,100158, SW1225010000002775 ,-,-,SW-DG132THC-620W,A GRADE
24,2025-10-26,-,-,620 WATT,100158, SW1225010000002695 ,-,-,SW-DG132THC-620W,A GRADE
25,2025-10-26,-,-,620 WATT,100158, SW1225010000002773 ,-,-,SW-DG132THC-620W,A GRADE
26,2025-10-26,-,-,620 WATT,100158, SW1225010000002760 ,-,-,SW-DG132THC-620W,A GRADE
27,2025-10-26,-,-,620 WATT,100158, SW1225010000002776 ,-,-,SW-DG132THC-620W,A GRADE
28,2025-10-26,-,-,620 WATT,100158, SW1225010000002763 ,-,-,SW-DG132THC-620W,A GRADE
29,2025-10-26,-,-,620 WATT,100158, SW1225010000002748 ,-,-,SW-DG132THC-620W,A GRADE
30,2025-10-26,-,-,620 WATT,100158, SW1225010000002764 ,-,-,SW-DG132THC-620W,A GRADE
31,2025-10-26,-,-,620 WATT,100158, SW1225010000002751 ,-,-,SW-DG132THC-620W,A GRADE
32,2025-10-26,-,-,620 WATT,100158,SW1225010000002765,-,-,SW-DG132THC-620W,A GRADE
33,2025-10-26,-,-,620 WATT,100158,SW1225010000002719,-,-,SW-DG132THC-620W,A GRADE
34,2025-10-26,-,-,620 WATT,100158,SW1225010000002721,-,-,SW-DG132THC-620W,A GRADE
35,2025-10-26,-,-,620 WATT,100158,SW1225010000002655,-,-,SW-DG132THC-620W,A GRADE
36,2025-10-26,-,-,620 WATT,100158,SW1225010000002728,-,-,SW-DG132THC-620W,A GRADE
37,2025-10-26,-,-,620 WATT,100159, SW1225010000003962 ,-,-,SW-DG132THC-620W,A GRADE
38,2025-10-26,-,-,620 WATT,100159, SW1225010000003877 ,-,-,SW-DG132THC-620W,A GRADE
39,2025-10-26,-,-,620 WATT,100159, SW1225010000003955 ,-,-,SW-DG132THC-620W,A GRADE
40,2025-10-26,-,-,620 WATT,100159, SW1225010000003963 ,-,-,SW-DG132THC-620W,A GRADE
41,2025-10-26,-,-,620 WATT,100159, SW1225010000003912 ,-,-,SW-DG132THC-620W,A GRADE
42,2025-10-26,-,-,620 WATT,100159, SW1225010000003959 ,-,-,SW-DG132THC-620W,A GRADE
43,2025-10-26,-,-,620 WATT,100159, SW1225010000003916 ,-,-,SW-DG132THC-620W,A GRADE
44,2025-10-26,-,-,620 WATT,100159, SW1225010000003909 ,-,-,SW-DG132THC-620W,A GRADE
45,2025-10-26,-,-,620 WATT,100159, SW1225010000003967 ,-,-,SW-DG132THC-620W,A GRADE
46,2025-10-26,-,-,620 WATT,100159, SW1225010000003933 ,-,-,SW-DG132THC-620W,A GRADE
47,2025-10-26,-,-,620 WATT,100159, SW1225010000003842 ,-,-,SW-DG132THC-620W,A GRADE
48,2025-10-26,-,-,620 WATT,100159, SW1225010000003929 ,-,-,SW-DG132THC-620W,A GRADE
49,2025-10-26,-,-,620 WATT,100159, SW1225010000003928 ,-,-,SW-DG132THC-620W,A GRADE
50,2025-10-26,-,-,620 WATT,100159, SW1225010000003890 ,-,-,SW-DG132THC-620W,A GRADE
51,2025-10-26,-,-,620 WATT,100159, SW1225010000003943 ,-,-,SW-DG132THC-620W,A GRADE
52,2025-10-26,-,-,620 WATT,100159, SW1225010000003913 ,-,-,SW-DG132THC-620W,A GRADE
53,2025-10-26,-,-,620 WATT,100159, SW1225010000003917 ,-,-,SW-DG132THC-620W,A GRADE
54,2025-10-26,-,-,620 WATT,100159, SW1225010000003557 ,-,-,SW-DG132THC-620W,A GRADE
55,2025-10-26,-,-,620 WATT,100159, SW1225010000003419 ,-,-,SW-DG132THC-620W,A GRADE
56,2025-10-26,-,-,620 WATT,100159, SW1225010000003502 ,-,-,SW-DG132THC-620W,A GRADE
57,2025-10-26,-,-,620 WATT,100159, SW1225010000003550 ,-,-,SW-DG132THC-620W,A GRADE
58,2025-10-26,-,-,620 WATT,100159, SW1225010000003561 ,-,-,SW-DG132THC-620W,A GRADE
59,2025-10-26,-,-,620 WATT,100159, SW1225010000003597 ,-,-,SW-DG132THC-620W,A GRADE
60,2025-10-26,-,-,620 WATT,100159, SW1225010000003585 ,-,-,SW-DG132THC-620W,A GRADE
61,2025-10-26,-,-,620 WATT,100159, SW1225010000003722 ,-,-,SW-DG132THC-620W,A GRADE
62,2025-10-26,-,-,620 WATT,100159, SW1225010000003822 ,-,-,SW-DG132THC-620W,A GRADE
63,2025-10-26,-,-,620 WATT,100159, SW1225010000003816 ,-,-,SW-DG132THC-620W,A GRADE
64,2025-10-26,-,-,620 WATT,100159, SW1225010000003830 ,-,-,SW-DG132THC-620W,A GRADE
65,2025-10-26,-,-,620 WATT,100159, SW1225010000003835 ,-,-,SW-DG132THC-620W,A GRADE
66,2025-10-26,-,-,620 WATT,100159, SW1225010000003861 ,-,-,SW-DG132THC-620W,A GRADE
67,2025-10-26,-,-,620 WATT,100159, SW1225010000003862 ,-,-,SW-DG132THC-620W,A GRADE
68,2025-10-26,-,-,620 WATT,100159,SW1225010000003833,-,-,SW-DG132THC-620W,A GRADE
69,2025-10-26,-,-,620 WATT,100159,SW1225010000002812,-,-,SW-DG132THC-620W,A GRADE
70,2025-10-26,-,-,620 WATT,100159,SW1225010000002879,-,-,SW-DG132THC-620W,A GRADE
71,2025-10-26,-,-,620 WATT,100159,SW1225010000004472,-,-,SW-DG132THC-620W,A GRADE
72,2025-10-26,-,-,620 WATT,100159,SW1225010000003713,-,-,SW-DG132THC-620W,A GRADE
73,2025-10-26,-,-,620 WATT,100160, SW1225010000002666 ,-,-,SW-DG132THC-620W,A GRADE
74,2025-10-26,-,-,620 WATT,100160, SW1225010000002639 ,-,-,SW-DG132THC-620W,A GRADE
75,2025-10-26,-,-,620 WATT,100160, SW1225010000002686 ,-,-,SW-DG132THC-620W,A GRADE
76,2025-10-26,-,-,620 WATT,100160, SW1225010000002684 ,-,-,SW-DG132THC-620W,A GRADE
77,2025-10-26,-,-,620 WATT,100160, SW1225010000002665 ,-,-,SW-DG132THC-620W,A GRADE
78,2025-10-26,-,-,620 WATT,100160, SW1225010000002662 ,-,-,SW-DG132THC-620W,A GRADE
79,2025-10-26,-,-,620 WATT,100160, SW1225010000002619 ,-,-,SW-DG132THC-620W,A GRADE
80,2025-10-26,-,-,620 WATT,100160, SW1225010000002690 ,-,-,SW-DG132THC-620W,A GRADE
81,2025-10-26,-,-,620 WATT,100160, SW1225010000002692 ,-,-,SW-DG132THC-620W,A GRADE
82,2025-10-26,-,-,620 WATT,100160, SW1225010000002668 ,-,-,SW-DG132THC-620W,A GRADE
83,2025-10-26,-,-,620 WATT,100160, SW1225010000002616 ,-,-,SW-DG132THC-620W,A GRADE
84,2025-10-26,-,-,620 WATT,100160, SW1225010000002593 ,-,-,SW-DG132THC-620W,A GRADE
85,2025-10-26,-,-,620 WATT,100160, SW1225010000002627 ,-,-,SW-DG132THC-620W,A GRADE
86,2025-10-26,-,-,620 WATT,100160, SW1225010000002614 ,-,-,SW-DG132THC-620W,A GRADE
87,2025-10-26,-,-,620 WATT,100160, SW1225010000002626 ,-,-,SW-DG132THC-620W,A GRADE
88,2025-10-26,-,-,620 WATT,100160, SW1225010000002624 ,-,-,SW-DG132THC-620W,A GRADE
89,2025-10-26,-,-,620 WATT,100160, SW1225010000002635 ,-,-,SW-DG132THC-620W,A GRADE
90,2025-10-26,-,-,620 WATT,100160, SW1225010000002620 ,-,-,SW-DG132THC-620W,A GRADE
91,2025-10-26,-,-,620 WATT,100160, SW1225010000002591 ,-,-,SW-DG132THC-620W,A GRADE
92,2025-10-26,-,-,620 WATT,100160, SW1225010000002650 ,-,-,SW-DG132THC-620W,A GRADE
93,2025-10-26,-,-,620 WATT,100160, SW1225010000002651 ,-,-,SW-DG132THC-620W,A GRADE
94,2025-10-26,-,-,620 WATT,100160, SW1225010000002588 ,-,-,SW-DG132THC-620W,A GRADE
95,2025-10-26,-,-,620 WATT,100160, SW1225010000002581 ,-,-,SW-DG132THC-620W,A GRADE
96,2025-10-26,-,-,620 WATT,100160, SW1225010000002582 ,-,-,SW-DG132THC-620W,A GRADE
97,2025-10-26,-,-,620 WATT,100160, SW1225010000002647 ,-,-,SW-DG132THC-620W,A GRADE
98,2025-10-26,-,-,620 WATT,100160, SW1225010000002646 ,-,-,SW-DG132THC-620W,A GRADE
99,2025-10-26,-,-,620 WATT,100160, SW1225010000002629 ,-,-,SW-DG132THC-620W,A GRADE
100,2025-10-26,-,-,620 WATT,100160, SW1225010000002658 ,-,-,SW-DG132THC-620W,A GRADE
101,2025-10-26,-,-,620 WATT,100160, SW1225010000002598 ,-,-,SW-DG132THC-620W,A GRADE
102,2025-10-26,-,-,620 WATT,100160, SW1225010000002599 ,-,-,SW-DG132THC-620W,A GRADE
103,2025-10-26,-,-,620 WATT,100160, SW1225010000002585 ,-,-,SW-DG132THC-620W,A GRADE
104,2025-10-26,-,-,620 WATT,100160,SW1225010000002584,-,-,SW-DG132THC-620W,A GRADE
105,2025-10-26,-,-,620 WATT,100160,SW1225010000002586,-,-,SW-DG132THC-620W,A GRADE
106,2025-10-26,-,-,620 WATT,100160,SW1225010000002600,-,-,SW-DG132THC-620W,A GRADE
107,2025-10-26,-,-,620 WATT,100160,SW0326010000004032,-,-,SW-DG132THC-620W,A GRADE
108,2025-10-26,-,-,620 WATT,100160,SW0326010000004023,-,-,SW-DG132THC-620W,A GRADE
109,2025-10-26,-,-,620 WATT,100161, SW1225010000003598 ,-,-,SW-DG132THC-620W,A GRADE
110,2025-10-26,-,-,620 WATT,100161, SW1225010000003559 ,-,-,SW-DG132THC-620W,A GRADE
111,2025-10-26,-,-,620 WATT,100161, SW1225010000003564 ,-,-,SW-DG132THC-620W,A GRADE
112,2025-10-26,-,-,620 WATT,100161, SW1225010000003563 ,-,-,SW-DG132THC-620W,A GRADE
113,2025-10-26,-,-,620 WATT,100161, SW1225010000003535 ,-,-,SW-DG132THC-620W,A GRADE
114,2025-10-26,-,-,620 WATT,100161, SW1225010000003490 ,-,-,SW-DG132THC-620W,A GRADE
115,2025-10-26,-,-,620 WATT,100161, SW1225010000003503 ,-,-,SW-DG132THC-620W,A GRADE
116,2025-10-26,-,-,620 WATT,100161, SW1225010000003555 ,-,-,SW-DG132THC-620W,A GRADE
117,2025-10-26,-,-,620 WATT,100161, SW1225010000003684 ,-,-,SW-DG132THC-620W,A GRADE
118,2025-10-26,-,-,620 WATT,100161, SW0326010000004013 ,-,-,SW-DG132THC-620W,A GRADE
119,2025-10-26,-,-,620 WATT,100161, SW0326010000003997 ,-,-,SW-DG132THC-620W,A GRADE
120,2025-10-26,-,-,620 WATT,100161, SW0326010000004006 ,-,-,SW-DG132THC-620W,A GRADE
121,2025-10-26,-,-,620 WATT,100161, SW0326010000004039 ,-,-,SW-DG132THC-620W,A GRADE
122,2025-10-26,-,-,620 WATT,100161, SW0326010000004024 ,-,-,SW-DG132THC-620W,A GRADE
123,2025-10-26,-,-,620 WATT,100161, SW0326010000003748 ,-,-,SW-DG132THC-620W,A GRADE
124,2025-10-26,-,-,620 WATT,100161, SW0326010000004017 ,-,-,SW-DG132THC-620W,A GRADE
125,2025-10-26,-,-,620 WATT,100161, SW0326010000004053 ,-,-,SW-DG132THC-620W,A GRADE
126,2025-10-26,-,-,620 WATT,100161, SW0326010000003980 ,-,-,SW-DG132THC-620W,A GRADE
127,2025-10-26,-,-,620 WATT,100161, SW0326010000003964 ,-,-,SW-DG132THC-620W,A GRADE
128,2025-10-26,-,-,620 WATT,100161, SW0326010000003967 ,-,-,SW-DG132THC-620W,A GRADE
129,2025-10-26,-,-,620 WATT,100161, SW0326010000003970 ,-,-,SW-DG132THC-620W,A GRADE
130,2025-10-26,-,-,620 WATT,100161, SW0326010000003959 ,-,-,SW-DG132THC-620W,A GRADE
131,2025-10-26,-,-,620 WATT,100161, SW0326010000003972 ,-,-,SW-DG132THC-620W,A GRADE
132,2025-10-26,-,-,620 WATT,100161, SW0326010000001958 ,-,-,SW-DG132THC-620W,A GRADE
133,2025-10-26,-,-,620 WATT,100161, SW0326010000001924 ,-,-,SW-DG132THC-620W,A GRADE
134,2025-10-26,-,-,620 WATT,100161, SW0326010000003873 ,-,-,SW-DG132THC-620W,A GRADE
135,2025-10-26,-,-,620 WATT,100161, SW0326010000003875 ,-,-,SW-DG132THC-620W,A GRADE
136,2025-10-26,-,-,620 WATT,100161, SW0326010000003786 ,-,-,SW-DG132THC-620W,A GRADE
137,2025-10-26,-,-,620 WATT,100161, SW0326010000003877 ,-,-,SW-DG132THC-620W,A GRADE
138,2025-10-26,-,-,620 WATT,100161, SW0326010000003976 ,-,-,SW-DG132THC-620W,A GRADE
139,2025-10-26,-,-,620 WATT,100161, SW0326010000003878 ,-,-,SW-DG132THC-620W,A GRADE
140,2025-10-26,-,-,620 WATT,100161,SW0326010000003751,-,-,SW-DG132THC-620W,A GRADE
141,2025-10-26,-,-,620 WATT,100161,SW0326010000003882,-,-,SW-DG132THC-620W,A GRADE
142,2025-10-26,-,-,620 WATT,100161,SW0326010000003957,-,-,SW-DG132THC-620W,A GRADE
143,2025-10-26,-,-,620 WATT,100161,SW0326010000003625,-,-,SW-DG132THC-620W,A GRADE
144,2025-10-26,-,-,620 WATT,100161,SW0326010000003929,-,-,SW-DG132THC-620W,A GRADE
145,2025-10-26,-,-,620 WATT,100163, SW1225010000002357 ,-,-,SW-DG132THC-620W,A GRADE
146,2025-10-26,-,-,620 WATT,100163, SW0326010000004054 ,-,-,SW-DG132THC-620W,A GRADE
147,2025-10-26,-,-,620 WATT,100163, SW0326010000003975 ,-,-,SW-DG132THC-620W,A GRADE
148,2025-10-26,-,-,620 WATT,100163, SW1225010000002484 ,-,-,SW-DG132THC-620W,A GRADE
149,2025-10-26,-,-,620 WATT,100163, SW1225010000002491 ,-,-,SW-DG132THC-620W,A GRADE
150,2025-10-26,-,-,620 WATT,100163, SW0326010000004002 ,-,-,SW-DG132THC-620W,A GRADE
151,2025-10-26,-,-,620 WATT,100163, SW1225010000002513 ,-,-,SW-DG132THC-620W,A GRADE
152,2025-10-26,-,-,620 WATT,100163, SW1225010000002522 ,-,-,SW-DG132THC-620W,A GRADE
153,2025-10-26,-,-,620 WATT,100163, SW0326010000004103 ,-,-,SW-DG132THC-620W,A GRADE
154,2025-10-26,-,-,620 WATT,100163, SW1225010000002493 ,-,-,SW-DG132THC-620W,A GRADE
155,2025-10-26,-,-,620 WATT,100163, SW1225010000002545 ,-,-,SW-DG132THC-620W,A GRADE
156,2025-10-26,-,-,620 WATT,100163, SW0326010000004007 ,-,-,SW-DG132THC-620W,A GRADE
157,2025-10-26,-,-,620 WATT,100163, SW0326010000004108 ,-,-,SW-DG132THC-620W,A GRADE
158,2025-10-26,-,-,620 WATT,100163, SW0326010000004010 ,-,-,SW-DG132THC-620W,A GRADE
159,2025-10-26,-,-,620 WATT,100163, SW0326010000003931 ,-,-,SW-DG132THC-620W,A GRADE
160,2025-10-26,-,-,620 WATT,100163, SW0326010000003943 ,-,-,SW-DG132THC-620W,A GRADE
161,2025-10-26,-,-,620 WATT,100163, SW1225010000004545 ,-,-,SW-DG132THC-620W,A GRADE
162,2025-10-26,-,-,620 WATT,100163, SW1225010000004554 ,-,-,SW-DG132THC-620W,A GRADE
163,2025-10-26,-,-,620 WATT,100163, SW1225010000004511 ,-,-,SW-DG132THC-620W,A GRADE
164,2025-10-26,-,-,620 WATT,100163, SW1225010000004531 ,-,-,SW-DG132THC-620W,A GRADE
165,2025-10-26,-,-,620 WATT,100163, SW1225010000004832 ,-,-,SW-DG132THC-620W,A GRADE
166,2025-10-26,-,-,620 WATT,100163, SW1225010000004786 ,-,-,SW-DG132THC-620W,A GRADE
167,2025-10-26,-,-,620 WATT,100163, SW1225010000004784 ,-,-,SW-DG132THC-620W,A GRADE
168,2025-10-26,-,-,620 WATT,100163, SW1225010000004763 ,-,-,SW-DG132THC-620W,A GRADE
169,2025-10-26,-,-,620 WATT,100163, SW1225010000004755 ,-,-,SW-DG132THC-620W,A GRADE
170,2025-10-26,-,-,620 WATT,100163, SW1225010000004737 ,-,-,SW-DG132THC-620W,A GRADE
171,2025-10-26,-,-,620 WATT,100163, SW1225010000004655 ,-,-,SW-DG132THC-620W,A GRADE
172,2025-10-26,-,-,620 WATT,100163, SW1225010000004570 ,-,-,SW-DG132THC-620W,A GRADE
173,2025-10-26,-,-,620 WATT,100163, SW1225010000004108 ,-,-,SW-DG132THC-620W,A GRADE
174,2025-10-26,-,-,620 WATT,100163, SW1225010000004126 ,-,-,SW-DG132THC-620W,A GRADE
175,2025-10-26,-,-,620 WATT,100163, SW1225010000004132 ,-,-,SW-DG132THC-620W,A GRADE
176,2025-10-26,-,-,620 WATT,100163,SW1225010000003894,-,-,SW-DG132THC-620W,A GRADE
177,2025-10-26,-,-,620 WATT,100163,SW1225010000004320,-,-,SW-DG132THC-620W,A GRADE
178,2025-10-26,-,-,620 WATT,100163,SW1225010000004242,-,-,SW-DG132THC-620W,A GRADE
179,2025-10-26,-,-,620 WATT,100163,SW0326010000004066,-,-,SW-DG132THC-620W,A GRADE
180,2025-10-26,-,-,620 WATT,100163,SW1225010000002517,-,-,SW-DG132THC-620W,A GRADE
181,2025-10-26,-,-,620 WATT,100165, SW1225010000002769 ,-,-,SW-DG132THC-620W,A GRADE
182,2025-10-26,-,-,620 WATT,100165, SW1225010000002750 ,-,-,SW-DG132THC-620W,A GRADE
183,2025-10-26,-,-,620 WATT,100165, SW1225010000002770 ,-,-,SW-DG132THC-620W,A GRADE
184,2025-10-26,-,-,620 WATT,100165, SW1225010000003267 ,-,-,SW-DG132THC-620W,A GRADE
185,2025-10-26,-,-,620 WATT,100165, SW1225010000003461 ,-,-,SW-DG132THC-620W,A GRADE
186,2025-10-26,-,-,620 WATT,100165, SW1225010000003488 ,-,-,SW-DG132THC-620W,A GRADE
187,2025-10-26,-,-,620 WATT,100165, SW1225010000003478 ,-,-,SW-DG132THC-620W,A GRADE
188,2025-10-26,-,-,620 WATT,100165, SW1225010000003491 ,-,-,SW-DG132THC-620W,A GRADE
189,2025-10-26,-,-,620 WATT,100165, SW1225010000003493 ,-,-,SW-DG132THC-620W,A GRADE
190,2025-10-26,-,-,620 WATT,100165, SW1225010000003505 ,-,-,SW-DG132THC-620W,A GRADE
191,2025-10-26,-,-,620 WATT,100165, SW1225010000003344 ,-,-,SW-DG132THC-620W,A GRADE
192,2025-10-26,-,-,620 WATT,100165, SW1225010000003433 ,-,-,SW-DG132THC-620W,A GRADE
193,2025-10-26,-,-,620 WATT,100165, SW1225010000003432 ,-,-,SW-DG132THC-620W,A GRADE
194,2025-10-26,-,-,620 WATT,100165, SW1225010000002783 ,-,-,SW-DG132THC-620W,A GRADE
195,2025-10-26,-,-,620 WATT,100165, SW1225010000002784 ,-,-,SW-DG132THC-620W,A GRADE
196,2025-10-26,-,-,620 WATT,100165, SW1225010000003430 ,-,-,SW-DG132THC-620W,A GRADE
197,2025-10-26,-,-,620 WATT,100165, SW1225010000003327 ,-,-,SW-DG132THC-620W,A GRADE
198,2025-10-26,-,-,620 WATT,100165, SW1225010000003417 ,-,-,SW-DG132THC-620W,A GRADE
199,2025-10-26,-,-,620 WATT,100165, SW1225010000003328 ,-,-,SW-DG132THC-620W,A GRADE
200,2025-10-26,-,-,620 WATT,100165, SW1225010000003379 ,-,-,SW-DG132THC-620W,A GRADE
201,2025-10-26,-,-,620 WATT,100165, SW1225010000003402 ,-,-,SW-DG132THC-620W,A GRADE
202,2025-10-26,-,-,620 WATT,100165, SW1225010000003414 ,-,-,SW-DG132THC-620W,A GRADE
203,2025-10-26,-,-,620 WATT,100165, SW1225010000003404 ,-,-,SW-DG132THC-620W,A GRADE
204,2025-10-26,-,-,620 WATT,100165, SW1225010000002756 ,-,-,SW-DG132THC-620W,A GRADE
205,2025-10-26,-,-,620 WATT,100165, SW1225010000002772 ,-,-,SW-DG132THC-620W,A GRADE
206,2025-10-26,-,-,620 WATT,100165, SW1225010000003498 ,-,-,SW-DG132THC-620W,A GRADE
207,2025-10-26,-,-,620 WATT,100165, SW1225010000003514 ,-,-,SW-DG132THC-620W,A GRADE
208,2025-10-26,-,-,620 WATT,100165, SW1225010000002967 ,-,-,SW-DG132THC-620W,A GRADE
209,2025-10-26,-,-,620 WATT,100165, SW1225010000003001 ,-,-,SW-DG132THC-620W,A GRADE
210,2025-10-26,-,-,620 WATT,100165, SW1225010000003003 ,-,-,SW-DG132THC-620W,A GRADE
211,2025-10-26,-,-,620 WATT,100165, SW1225010000002990 ,-,-,SW-DG132THC-620W,A GRADE
212,2025-10-26,-,-,620 WATT,100165,SW1225010000003447,-,-,SW-DG132THC-620W,A GRADE
213,2025-10-26,-,-,620 WATT,100165,SW1225010000003115,-,-,SW-DG132THC-620W,A GRADE
214,2025-10-26,-,-,620 WATT,100165,SW1225010000003169,-,-,SW-DG132THC-620W,A GRADE
215,2025-10-26,-,-,620 WATT,100165,SW1225010000003323,-,-,SW-DG132THC-620W,A GRADE
216,2025-10-26,-,-,620 WATT,100165,SW1225010000003015,-,-,SW-DG132THC-620W,A GRADE
217,2025-10-27,-,-,620 WATT,100188, SW1225010000003499 ,-,-,SW-DG132THC-620W,A GRADE
218,2025-10-27,-,-,620 WATT,100188, SW1225010000003500 ,-,-,SW-DG132THC-620W,A GRADE
219,2025-10-27,-,-,620 WATT,100188, SW1225010000003494 ,-,-,SW-DG132THC-620W,A GRADE
220,2025-10-27,-,-,620 WATT,100188, SW1225010000003504 ,-,-,SW-DG132THC-620W,A GRADE
221,2025-10-27,-,-,620 WATT,100188, SW1225010000003332 ,-,-,SW-DG132THC-620W,A GRADE
222,2025-10-27,-,-,620 WATT,100188, SW1225010000003446 ,-,-,SW-DG132THC-620W,A GRADE
223,2025-10-27,-,-,620 WATT,100188, SW1225010000003381 ,-,-,SW-DG132THC-620W,A GRADE
224,2025-10-27,-,-,620 WATT,100188, SW1225010000003324 ,-,-,SW-DG132THC-620W,A GRADE
225,2025-10-27,-,-,620 WATT,100188, SW1225010000003351 ,-,-,SW-DG132THC-620W,A GRADE
226,2025-10-27,-,-,620 WATT,100188, SW1225010000003453 ,-,-,SW-DG132THC-620W,A GRADE
227,2025-10-27,-,-,620 WATT,100188, SW1225010000003441 ,-,-,SW-DG132THC-620W,A GRADE
228,2025-10-27,-,-,620 WATT,100188, SW1225010000003421 ,-,-,SW-DG132THC-620W,A GRADE
229,2025-10-27,-,-,620 WATT,100188, SW1225010000003458 ,-,-,SW-DG132THC-620W,A GRADE
230,2025-10-27,-,-,620 WATT,100188, SW1225010000003464 ,-,-,SW-DG132THC-620W,A GRADE
231,2025-10-27,-,-,620 WATT,100188, SW1225010000003465 ,-,-,SW-DG132THC-620W,A GRADE
232,2025-10-27,-,-,620 WATT,100188, SW1225010000003470 ,-,-,SW-DG132THC-620W,A GRADE
233,2025-10-27,-,-,620 WATT,100188, SW1225010000003469 ,-,-,SW-DG132THC-620W,A GRADE
234,2025-10-27,-,-,620 WATT,100188, SW1225010000003477 ,-,-,SW-DG132THC-620W,A GRADE
235,2025-10-27,-,-,620 WATT,100188, SW1225010000003472 ,-,-,SW-DG132THC-620W,A GRADE
236,2025-10-27,-,-,620 WATT,100188, SW1225010000003476 ,-,-,SW-DG132THC-620W,A GRADE
237,2025-10-27,-,-,620 WATT,100188, SW1225010000003750 ,-,-,SW-DG132THC-620W,A GRADE
238,2025-10-27,-,-,620 WATT,100188, SW1225010000003737 ,-,-,SW-DG132THC-620W,A GRADE
239,2025-10-27,-,-,620 WATT,100188, SW1225010000003738 ,-,-,SW-DG132THC-620W,A GRADE
240,2025-10-27,-,-,620 WATT,100188, SW1225010000004031 ,-,-,SW-DG132THC-620W,A GRADE
241,2025-10-27,-,-,620 WATT,100188, SW1225010000003983 ,-,-,SW-DG132THC-620W,A GRADE
242,2025-10-27,-,-,620 WATT,100188, SW1225010000004011 ,-,-,SW-DG132THC-620W,A GRADE
243,2025-10-27,-,-,620 WATT,100188, SW1225010000004036 ,-,-,SW-DG132THC-620W,A GRADE
244,2025-10-27,-,-,620 WATT,100188, SW1225010000004048 ,-,-,SW-DG132THC-620W,A GRADE
245,2025-10-27,-,-,620 WATT,100188, SW1225010000003996 ,-,-,SW-DG132THC-620W,A GRADE
246,2025-10-27,-,-,620 WATT,100188, SW1225010000004046 ,-,-,SW-DG132THC-620W,A GRADE
247,2025-10-27,-,-,620 WATT,100188, SW1225010000004027 ,-,-,SW-DG132THC-620W,A GRADE
248,2025-10-27,-,-,620 WATT,100188,SW1225010000004005,-,-,SW-DG132THC-620W,A GRADE
249,2025-10-27,-,-,620 WATT,100188,SW1225010000004037,-,-,SW-DG132THC-620W,A GRADE
250,2025-10-27,-,-,620 WATT,100188,SW1225010000004024,-,-,SW-DG132THC-620W,A GRADE
251,2025-10-27,-,-,620 WATT,100188,SW1225010000004043,-,-,SW-DG132THC-620W,A GRADE
252,2025-10-27,-,-,620 WATT,100188,SW1225010000004009,-,-,SW-DG132THC-620W,A GRADE
253,2025-10-27,-,-,620 WATT,100189, SW1225010000004100 ,-,-,SW-DG132THC-620W,A GRADE
254,2025-10-27,-,-,620 WATT,100189, SW1225010000003956 ,-,-,SW-DG132THC-620W,A GRADE
255,2025-10-27,-,-,620 WATT,100189, SW1225010000004176 ,-,-,SW-DG132THC-620W,A GRADE
256,2025-10-27,-,-,620 WATT,100189, SW1225010000004228 ,-,-,SW-DG132THC-620W,A GRADE
257,2025-10-27,-,-,620 WATT,100189, SW1225010000004212 ,-,-,SW-DG132THC-620W,A GRADE
258,2025-10-27,-,-,620 WATT,100189, SW1225010000004186 ,-,-,SW-DG132THC-620W,A GRADE
259,2025-10-27,-,-,620 WATT,100189, SW1225010000004169 ,-,-,SW-DG132THC-620W,A GRADE
260,2025-10-27,-,-,620 WATT,100189, SW1225010000004231 ,-,-,SW-DG132THC-620W,A GRADE
261,2025-10-27,-,-,620 WATT,100189, SW1225010000004199 ,-,-,SW-DG132THC-620W,A GRADE
262,2025-10-27,-,-,620 WATT,100189, SW1225010000004164 ,-,-,SW-DG132THC-620W,A GRADE
263,2025-10-27,-,-,620 WATT,100189, SW1225010000004190 ,-,-,SW-DG132THC-620W,A GRADE
264,2025-10-27,-,-,620 WATT,100189, SW1225010000003710 ,-,-,SW-DG132THC-620W,A GRADE
265,2025-10-27,-,-,620 WATT,100189, SW1225010000004217 ,-,-,SW-DG132THC-620W,A GRADE
266,2025-10-27,-,-,620 WATT,100189, SW1225010000004094 ,-,-,SW-DG132THC-620W,A GRADE
267,2025-10-27,-,-,620 WATT,100189, SW1225010000004104 ,-,-,SW-DG132THC-620W,A GRADE
268,2025-10-27,-,-,620 WATT,100189, SW1225010000003777 ,-,-,SW-DG132THC-620W,A GRADE
269,2025-10-27,-,-,620 WATT,100189, SW1225010000003883 ,-,-,SW-DG132THC-620W,A GRADE
270,2025-10-27,-,-,620 WATT,100189, SW1225010000003881 ,-,-,SW-DG132THC-620W,A GRADE
271,2025-10-27,-,-,620 WATT,100189, SW1225010000003838 ,-,-,SW-DG132THC-620W,A GRADE
272,2025-10-27,-,-,620 WATT,100189, SW1225010000004178 ,-,-,SW-DG132THC-620W,A GRADE
273,2025-10-27,-,-,620 WATT,100189, SW1225010000004286 ,-,-,SW-DG132THC-620W,A GRADE
274,2025-10-27,-,-,620 WATT,100189, SW1225010000004167 ,-,-,SW-DG132THC-620W,A GRADE
275,2025-10-27,-,-,620 WATT,100189, SW1225010000004209 ,-,-,SW-DG132THC-620W,A GRADE
276,2025-10-27,-,-,620 WATT,100189, SW1225010000004193 ,-,-,SW-DG132THC-620W,A GRADE
277,2025-10-27,-,-,620 WATT,100189, SW1225010000004189 ,-,-,SW-DG132THC-620W,A GRADE
278,2025-10-27,-,-,620 WATT,100189, SW1225010000004182 ,-,-,SW-DG132THC-620W,A GRADE
279,2025-10-27,-,-,620 WATT,100189, SW1225010000004160 ,-,-,SW-DG132THC-620W,A GRADE
280,2025-10-27,-,-,620 WATT,100189, SW1225010000004168 ,-,-,SW-DG132THC-620W,A GRADE
281,2025-10-27,-,-,620 WATT,100189, SW1225010000004156 ,-,-,SW-DG132THC-620W,A GRADE
282,2025-10-27,-,-,620 WATT,100189, SW1225010000004148 ,-,-,SW-DG132THC-620W,A GRADE
283,2025-10-27,-,-,620 WATT,100189, SW1225010000002730 ,-,-,SW-DG132THC-620W,A GRADE
284,2025-10-27,-,-,620 WATT,100189,SW1225010000004150,-,-,SW-DG132THC-620W,A GRADE
285,2025-10-27,-,-,620 WATT,100189,SW1225010000004153,-,-,SW-DG132THC-620W,A GRADE
286,2025-10-27,-,-,620 WATT,100189,SW1225010000004152,-,-,SW-DG132THC-620W,A GRADE
287,2025-10-27,-,-,620 WATT,100189,SW1225010000004145,-,-,SW-DG132THC-620W,A GRADE
288,2025-10-27,-,-,620 WATT,100189,SW1225010000004149,-,-,SW-DG132THC-620W,A GRADE
289,2025-10-27,-,-,620 WATT,100191, SW1225010000003907 ,-,-,SW-DG132THC-620W,A GRADE
290,2025-10-27,-,-,620 WATT,100191, SW1225010000003938 ,-,-,SW-DG132THC-620W,A GRADE
291,2025-10-27,-,-,620 WATT,100191, SW1225010000003934 ,-,-,SW-DG132THC-620W,A GRADE
292,2025-10-27,-,-,620 WATT,100191, SW1225010000003911 ,-,-,SW-DG132THC-620W,A GRADE
293,2025-10-27,-,-,620 WATT,100191, SW1225010000003903 ,-,-,SW-DG132THC-620W,A GRADE
294,2025-10-27,-,-,620 WATT,100191, SW1225010000003839 ,-,-,SW-DG132THC-620W,A GRADE
295,2025-10-27,-,-,620 WATT,100191, SW1225010000003792 ,-,-,SW-DG132THC-620W,A GRADE
296,2025-10-27,-,-,620 WATT,100191, SW1225010000003932 ,-,-,SW-DG132THC-620W,A GRADE
297,2025-10-27,-,-,620 WATT,100191, SW1225010000003935 ,-,-,SW-DG132THC-620W,A GRADE
298,2025-10-27,-,-,620 WATT,100191, SW1225010000003910 ,-,-,SW-DG132THC-620W,A GRADE
299,2025-10-27,-,-,620 WATT,100191, SW1225010000003918 ,-,-,SW-DG132THC-620W,A GRADE
300,2025-10-27,-,-,620 WATT,100191, SW1225010000004770 ,-,-,SW-DG132THC-620W,A GRADE
301,2025-10-27,-,-,620 WATT,100191, SW1225010000004664 ,-,-,SW-DG132THC-620W,A GRADE
302,2025-10-27,-,-,620 WATT,100191, SW1225010000004665 ,-,-,SW-DG132THC-620W,A GRADE
303,2025-10-27,-,-,620 WATT,100191, SW1225010000004666 ,-,-,SW-DG132THC-620W,A GRADE
304,2025-10-27,-,-,620 WATT,100191, SW1225010000004469 ,-,-,SW-DG132THC-620W,A GRADE
305,2025-10-27,-,-,620 WATT,100191, SW1225010000004473 ,-,-,SW-DG132THC-620W,A GRADE
306,2025-10-27,-,-,620 WATT,100191, SW1225010000004630 ,-,-,SW-DG132THC-620W,A GRADE
307,2025-10-27,-,-,620 WATT,100191, SW1225010000004599 ,-,-,SW-DG132THC-620W,A GRADE
308,2025-10-27,-,-,620 WATT,100191, SW1225010000004629 ,-,-,SW-DG132THC-620W,A GRADE
309,2025-10-27,-,-,620 WATT,100191, SW1225010000004628 ,-,-,SW-DG132THC-620W,A GRADE
310,2025-10-27,-,-,620 WATT,100191, SW1225010000004627 ,-,-,SW-DG132THC-620W,A GRADE
311,2025-10-27,-,-,620 WATT,100191, SW1225010000004648 ,-,-,SW-DG132THC-620W,A GRADE
312,2025-10-27,-,-,620 WATT,100191, SW1225010000004668 ,-,-,SW-DG132THC-620W,A GRADE
313,2025-10-27,-,-,620 WATT,100191, SW1225010000004885 ,-,-,SW-DG132THC-620W,A GRADE
314,2025-10-27,-,-,620 WATT,100191, SW1225010000004842 ,-,-,SW-DG132THC-620W,A GRADE
315,2025-10-27,-,-,620 WATT,100191, SW1225010000004859 ,-,-,SW-DG132THC-620W,A GRADE
316,2025-10-27,-,-,620 WATT,100191, SW1225010000004830 ,-,-,SW-DG132THC-620W,A GRADE
317,2025-10-27,-,-,620 WATT,100191, SW1225010000004829 ,-,-,SW-DG132THC-620W,A GRADE
318,2025-10-27,-,-,620 WATT,100191, SW1225010000004828 ,-,-,SW-DG132THC-620W,A GRADE
319,2025-10-27,-,-,620 WATT,100191, SW1225010000004807 ,-,-,SW-DG132THC-620W,A GRADE
320,2025-10-27,-,-,620 WATT,100191,SW1225010000004641,-,-,SW-DG132THC-620W,A GRADE
321,2025-10-27,-,-,620 WATT,100191,SW1225010000004850,-,-,SW-DG132THC-620W,A GRADE
322,2025-10-27,-,-,620 WATT,100191,SW1225010000004854,-,-,SW-DG132THC-620W,A GRADE
323,2025-10-27,-,-,620 WATT,100191,SW1225010000003657,-,-,SW-DG132THC-620W,A GRADE
324,2025-10-27,-,-,620 WATT,100191,SW1225010000003687,-,-,SW-DG132THC-620W,A GRADE
325,2025-10-27,-,-,620 WATT,100192, SW1225010000003688 ,-,-,SW-DG132THC-620W,A GRADE
326,2025-10-27,-,-,620 WATT,100192, SW1225010000003699 ,-,-,SW-DG132THC-620W,A GRADE
327,2025-10-27,-,-,620 WATT,100192, SW1225010000003679 ,-,-,SW-DG132THC-620W,A GRADE
328,2025-10-27,-,-,620 WATT,100192, SW1225010000003693 ,-,-,SW-DG132THC-620W,A GRADE
329,2025-10-27,-,-,620 WATT,100192, SW1225010000003677 ,-,-,SW-DG132THC-620W,A GRADE
330,2025-10-27,-,-,620 WATT,100192, SW1225010000003613 ,-,-,SW-DG132THC-620W,A GRADE
331,2025-10-27,-,-,620 WATT,100192, SW1225010000003230 ,-,-,SW-DG132THC-620W,A GRADE
332,2025-10-27,-,-,620 WATT,100192, SW1225010000003253 ,-,-,SW-DG132THC-620W,A GRADE
333,2025-10-27,-,-,620 WATT,100192, SW1225010000003583 ,-,-,SW-DG132THC-620W,A GRADE
334,2025-10-27,-,-,620 WATT,100192, SW1225010000003595 ,-,-,SW-DG132THC-620W,A GRADE
335,2025-10-27,-,-,620 WATT,100192, SW1225010000003642 ,-,-,SW-DG132THC-620W,A GRADE
336,2025-10-27,-,-,620 WATT,100192, SW1225010000003666 ,-,-,SW-DG132THC-620W,A GRADE
337,2025-10-27,-,-,620 WATT,100192, SW1225010000003648 ,-,-,SW-DG132THC-620W,A GRADE
338,2025-10-27,-,-,620 WATT,100192, SW1225010000003662 ,-,-,SW-DG132THC-620W,A GRADE
339,2025-10-27,-,-,620 WATT,100192, SW1225010000003665 ,-,-,SW-DG132THC-620W,A GRADE
340,2025-10-27,-,-,620 WATT,100192, SW1225010000003671 ,-,-,SW-DG132THC-620W,A GRADE
341,2025-10-27,-,-,620 WATT,100192, SW1225010000003674 ,-,-,SW-DG132THC-620W,A GRADE
342,2025-10-27,-,-,620 WATT,100192, SW1225010000003673 ,-,-,SW-DG132THC-620W,A GRADE
343,2025-10-27,-,-,620 WATT,100192, SW1225010000003620 ,-,-,SW-DG132THC-620W,A GRADE
344,2025-10-27,-,-,620 WATT,100192, SW1225010000003609 ,-,-,SW-DG132THC-620W,A GRADE
345,2025-10-27,-,-,620 WATT,100192, SW1225010000003621 ,-,-,SW-DG132THC-620W,A GRADE
346,2025-10-27,-,-,620 WATT,100192, SW1225010000003616 ,-,-,SW-DG132THC-620W,A GRADE
347,2025-10-27,-,-,620 WATT,100192, SW1225010000003926 ,-,-,SW-DG132THC-620W,A GRADE
348,2025-10-27,-,-,620 WATT,100192, SW1225010000003904 ,-,-,SW-DG132THC-620W,A GRADE
349,2025-10-27,-,-,620 WATT,100192, SW1225010000003922 ,-,-,SW-DG132THC-620W,A GRADE
350,2025-10-27,-,-,620 WATT,100192, SW1225010000003937 ,-,-,SW-DG132THC-620W,A GRADE
351,2025-10-27,-,-,620 WATT,100192, SW1225010000003946 ,-,-,SW-DG132THC-620W,A GRADE
352,2025-10-27,-,-,620 WATT,100192, SW1225010000003942 ,-,-,SW-DG132THC-620W,A GRADE
353,2025-10-27,-,-,620 WATT,100192, SW1225010000003952 ,-,-,SW-DG132THC-620W,A GRADE
354,2025-10-27,-,-,620 WATT,100192, SW1225010000003950 ,-,-,SW-DG132THC-620W,A GRADE
355,2025-10-27,-,-,620 WATT,100192, SW1225010000003953 ,-,-,SW-DG132THC-620W,A GRADE
356,2025-10-27,-,-,620 WATT,100192,SW1225010000003921,-,-,SW-DG132THC-620W,A GRADE
357,2025-10-27,-,-,620 WATT,100192,SW1225010000003900,-,-,SW-DG132THC-620W,A GRADE
358,2025-10-27,-,-,620 WATT,100192,SW1225010000003931,-,-,SW-DG132THC-620W,A GRADE
359,2025-10-27,-,-,620 WATT,100192,SW1225010000003930,-,-,SW-DG132THC-620W,A GRADE
360,2025-10-27,-,-,620 WATT,100192,SW1225010000003706,-,-,SW-DG132THC-620W,A GRADE
361,2025-12-06,-,-,620 WATT,100281,SW0126010000001232,-,-,SW-DG132THC-620W,A GRADE
362,2025-12-06,-,-,620 WATT,100281,SW0126010000002094,-,-,SW-DG132THC-620W,A GRADE
363,2025-12-06,-,-,620 WATT,100281,SW0126010000002061,-,-,SW-DG132THC-620W,A GRADE
364,2025-12-06,-,-,620 WATT,100281,SW0126010000002078,-,-,SW-DG132THC-620W,A GRADE
365,2025-12-06,-,-,620 WATT,100281,SW0126010000001978,-,-,SW-DG132THC-620W,A GRADE
366,2025-12-06,-,-,620 WATT,100281,SW0126010000002072,-,-,SW-DG132THC-620W,A GRADE
367,2025-12-06,-,-,620 WATT,100281,SW0126010000001950,-,-,SW-DG132THC-620W,A GRADE
368,2025-12-06,-,-,620 WATT,100281,SW0126010000001809,-,-,SW-DG132THC-620W,A GRADE
369,2025-12-06,-,-,620 WATT,100281,SW0126010000001404,-,-,SW-DG132THC-620W,A GRADE
370,2025-12-06,-,-,620 WATT,100281,SW0126010000001395,-,-,SW-DG132THC-620W,A GRADE
371,2025-12-06,-,-,620 WATT,100281,SW0126010000001713,-,-,SW-DG132THC-620W,A GRADE
372,2025-12-06,-,-,620 WATT,100281,SW0126010000001315,-,-,SW-DG132THC-620W,A GRADE
373,2025-12-06,-,-,620 WATT,100281,SW0126010000001714,-,-,SW-DG132THC-620W,A GRADE
374,2025-12-06,-,-,620 WATT,100281,SW0126010000001890,-,-,SW-DG132THC-620W,A GRADE
375,2025-12-06,-,-,620 WATT,100281,SW0126010000001580,-,-,SW-DG132THC-620W,A GRADE
376,2025-12-06,-,-,620 WATT,100281,SW0126010000001280,-,-,SW-DG132THC-620W,A GRADE
377,2025-12-06,-,-,620 WATT,100281,SW0126010000001698,-,-,SW-DG132THC-620W,A GRADE
378,2025-12-06,-,-,620 WATT,100281,SW0126010000001928,-,-,SW-DG132THC-620W,A GRADE
379,2025-12-06,-,-,620 WATT,100281,SW0126010000001431,-,-,SW-DG132THC-620W,A GRADE
380,2025-12-06,-,-,620 WATT,100281,SW0126010000002599,-,-,SW-DG132THC-620W,A GRADE
381,2025-12-06,-,-,620 WATT,100281,SW0126010000000200,-,-,SW-DG132THC-620W,A GRADE
382,2025-12-06,-,-,620 WATT,100281,SW0126010000002606,-,-,SW-DG132THC-620W,A GRADE
383,2025-12-06,-,-,620 WATT,100281,SW0126010000002492,-,-,SW-DG132THC-620W,A GRADE
384,2025-12-06,-,-,620 WATT,100281,SW0126010000002481,-,-,SW-DG132THC-620W,A GRADE
385,2025-12-06,-,-,620 WATT,100281,SW0126010000001688,-,-,SW-DG132THC-620W,A GRADE
386,2025-12-06,-,-,620 WATT,100281,SW0126010000001682,-,-,SW-DG132THC-620W,A GRADE
387,2025-12-06,-,-,620 WATT,100281,SW0126010000001694,-,-,SW-DG132THC-620W,A GRADE
388,2025-12-06,-,-,620 WATT,100281,SW0126010000001604,-,-,SW-DG132THC-620W,A GRADE
389,2025-12-06,-,-,620 WATT,100281,SW0126010000001743,-,-,SW-DG132THC-620W,A GRADE
390,2025-12-06,-,-,620 WATT,100281,SW0126010000001756,-,-,SW-DG132THC-620W,A GRADE
391,2025-12-06,-,-,620 WATT,100281,SW0126010000002189,-,-,SW-DG132THC-620W,A GRADE
392,2025-12-06,-,-,620 WATT,100281,SW0126010000002480,-,-,SW-DG132THC-620W,A GRADE
393,2025-12-06,-,-,620 WATT,100281,SW0126010000002588,-,-,SW-DG132THC-620W,A GRADE
394,2025-12-06,-,-,620 WATT,100281,SW0126010000002543,-,-,SW-DG132THC-620W,A GRADE
395,2025-12-06,-,-,620 WATT,100281,SW0126010000002495,-,-,SW-DG132THC-620W,A GRADE
396,2025-12-06,-,-,620 WATT,100281,SW0126010000002488,-,-,SW-DG132THC-620W,A GRADE
397,2025-12-06,-,-,620 WATT,100288,SW0126010000001802,-,-,SW-DG132THC-620W,A GRADE
398,2025-12-06,-,-,620 WATT,100288,SW0126010000001339,-,-,SW-DG132THC-620W,A GRADE
399,2025-12-06,-,-,620 WATT,100288,SW0126010000001366,-,-,SW-DG132THC-620W,A GRADE
400,2025-12-06,-,-,620 WATT,100288,SW0126010000001393,-,-,SW-DG132THC-620W,A GRADE
401,2025-12-06,-,-,620 WATT,100288,SW0126010000001833,-,-,SW-DG132THC-620W,A GRADE
402,2025-12-06,-,-,620 WATT,100288,SW0126010000001496,-,-,SW-DG132THC-620W,A GRADE
403,2025-12-06,-,-,620 WATT,100288,SW0126010000001516,-,-,SW-DG132THC-620W,A GRADE
404,2025-12-06,-,-,620 WATT,100288,SW0126010000001926,-,-,SW-DG132THC-620W,A GRADE
405,2025-12-06,-,-,620 WATT,100288,SW0126010000002057,-,-,SW-DG132THC-620W,A GRADE
406,2025-12-06,-,-,620 WATT,100288,SW0126010000001991,-,-,SW-DG132THC-620W,A GRADE
407,2025-12-06,-,-,620 WATT,100288,SW0126010000002044,-,-,SW-DG132THC-620W,A GRADE
408,2025-12-06,-,-,620 WATT,100288,SW0126010000001371,-,-,SW-DG132THC-620W,A GRADE
409,2025-12-06,-,-,620 WATT,100288,SW0126010000001343,-,-,SW-DG132THC-620W,A GRADE
410,2025-12-06,-,-,620 WATT,100288,SW0126010000001336,-,-,SW-DG132THC-620W,A GRADE
411,2025-12-06,-,-,620 WATT,100288,SW0126010000001764,-,-,SW-DG132THC-620W,A GRADE
412,2025-12-06,-,-,620 WATT,100288,SW0126010000001449,-,-,SW-DG132THC-620W,A GRADE
413,2025-12-06,-,-,620 WATT,100288,SW0126010000001450,-,-,SW-DG132THC-620W,A GRADE
414,2025-12-06,-,-,620 WATT,100288,SW0126010000001429,-,-,SW-DG132THC-620W,A GRADE
415,2025-12-06,-,-,620 WATT,100288,SW0126010000001440,-,-,SW-DG132THC-620W,A GRADE
416,2025-12-06,-,-,620 WATT,100288,SW0126010000002560,-,-,SW-DG132THC-620W,A GRADE
417,2025-12-06,-,-,620 WATT,100288,SW0126010000002555,-,-,SW-DG132THC-620W,A GRADE
418,2025-12-06,-,-,620 WATT,100288,SW0126010000000023,-,-,SW-DG132THC-620W,A GRADE
419,2025-12-06,-,-,620 WATT,100288,SW0126010000001469,-,-,SW-DG132THC-620W,A GRADE
420,2025-12-06,-,-,620 WATT,100288,SW0126010000001346,-,-,SW-DG132THC-620W,A GRADE
421,2025-12-06,-,-,620 WATT,100288,SW0126010000001229,-,-,SW-DG132THC-620W,A GRADE
422,2025-12-06,-,-,620 WATT,100288,SW0126010000001481,-,-,SW-DG132THC-620W,A GRADE
423,2025-12-06,-,-,620 WATT,100288,SW0126010000002232,-,-,SW-DG132THC-620W,A GRADE
424,2025-12-06,-,-,620 WATT,100288,SW0126010000003648,-,-,SW-DG132THC-620W,A GRADE
425,2025-12-06,-,-,620 WATT,100288,SW0126010000001628,-,-,SW-DG132THC-620W,A GRADE
426,2025-12-06,-,-,620 WATT,100288,SW0126010000001201,-,-,SW-DG132THC-620W,A GRADE
427,2025-12-06,-,-,620 WATT,100288,SW0126010000002200,-,-,SW-DG132THC-620W,A GRADE
428,2025-12-06,-,-,620 WATT,100288,SW0126010000002225,-,-,SW-DG132THC-620W,A GRADE
429,2025-12-06,-,-,620 WATT,100288,SW0126010000001515,-,-,SW-DG132THC-620W,A GRADE
430,2025-12-06,-,-,620 WATT,100288,SW0126010000002363,-,-,SW-DG132THC-620W,A GRADE
431,2025-12-06,-,-,620 WATT,100288,SW0126010000001505,-,-,SW-DG132THC-620W,A GRADE
432,2025-12-06,-,-,620 WATT,100288,SW0126010000002284,-,-,SW-DG132THC-620W,A GRADE
433,2025-12-14,-,-,620 WATT,100333,SW0126010000000713,-,-,SW-DG132THC-620W,A GRADE
434,2025-12-14,-,-,620 WATT,100333,SW0126010000000147,-,-,SW-DG132THC-620W,A GRADE
435,2025-12-14,-,-,620 WATT,100333,SW0126010000000144,-,-,SW-DG132THC-620W,A GRADE
436,2025-12-14,-,-,620 WATT,100333,SW0126010000004082,-,-,SW-DG132THC-620W,A GRADE
437,2025-12-14,-,-,620 WATT,100333,SW1225010000004230,-,-,SW-DG132THC-620W,A GRADE
438,2025-12-14,-,-,620 WATT,100333,SW1225010000004232,-,-,SW-DG132THC-620W,A GRADE
439,2025-12-14,-,-,620 WATT,100333,SW1225010000004236,-,-,SW-DG132THC-620W,A GRADE
440,2025-12-14,-,-,620 WATT,100333,SW1225010000004291,-,-,SW-DG132THC-620W,A GRADE
441,2025-12-14,-,-,620 WATT,100333,SW1225010000004275,-,-,SW-DG132THC-620W,A GRADE
442,2025-12-14,-,-,620 WATT,100333,SW0126010000000199,-,-,SW-DG132THC-620W,A GRADE
443,2025-12-14,-,-,620 WATT,100333,SW1225010000005143,-,-,SW-DG132THC-620W,A GRADE
444,2025-12-14,-,-,620 WATT,100333,SW0126010000000349,-,-,SW-DG132THC-620W,A GRADE
445,2025-12-14,-,-,620 WATT,100333,SW1225010000007109,-,-,SW-DG132THC-620W,A GRADE
446,2025-12-14,-,-,620 WATT,100333,SW0126010000000484,-,-,SW-DG132THC-620W,A GRADE
447,2025-12-14,-,-,620 WATT,100333,SW1225010000004292,-,-,SW-DG132THC-620W,A GRADE
448,2025-12-14,-,-,620 WATT,100333,SW1225010000004278,-,-,SW-DG132THC-620W,A GRADE
449,2025-12-14,-,-,620 WATT,100333,SW0126010000000797,-,-,SW-DG132THC-620W,A GRADE
450,2025-12-14,-,-,620 WATT,100333,SW1225010000004314,-,-,SW-DG132THC-620W,A GRADE
451,2025-12-14,-,-,620 WATT,100333,SW0126010000000465,-,-,SW-DG132THC-620W,A GRADE
452,2025-12-14,-,-,620 WATT,100333,SW0126010000000746,-,-,SW-DG132THC-620W,A GRADE
453,2025-12-14,-,-,620 WATT,100333,SW0126010000000747,-,-,SW-DG132THC-620W,A GRADE
454,2025-12-14,-,-,620 WATT,100333,SW0126010000000731,-,-,SW-DG132THC-620W,A GRADE
455,2025-12-14,-,-,620 WATT,100333,SW0126010000000709,-,-,SW-DG132THC-620W,A GRADE
456,2025-12-14,-,-,620 WATT,100333,SW0126010000000725,-,-,SW-DG132THC-620W,A GRADE
457,2025-12-14,-,-,620 WATT,100333,SW0126010000000726,-,-,SW-DG132THC-620W,A GRADE
458,2025-12-14,-,-,620 WATT,100333,SW0126010000000716,-,-,SW-DG132THC-620W,A GRADE
459,2025-12-14,-,-,620 WATT,100333,SW1225010000003255,-,-,SW-DG132THC-620W,A GRADE
460,2025-12-14,-,-,620 WATT,100333,SW1225010000003245,-,-,SW-DG132THC-620W,A GRADE
461,2025-12-14,-,-,620 WATT,100333,SW0126010000000303,-,-,SW-DG132THC-620W,A GRADE
462,2025-12-14,-,-,620 WATT,100333,SW1225010000003752,-,-,SW-DG132THC-620W,A GRADE
463,2025-12-14,-,-,620 WATT,100333,SW1225010000003639,-,-,SW-DG132THC-620W,A GRADE
464,2025-12-14,-,-,620 WATT,100333,SW1225010000003757,-,-,SW-DG132THC-620W,A GRADE
465,2025-12-14,-,-,620 WATT,100333,SW1225010000003790,-,-,SW-DG132THC-620W,A GRADE
466,2025-12-14,-,-,620 WATT,100333,SW1225010000003218,-,-,SW-DG132THC-620W,A GRADE
467,2025-12-14,-,-,620 WATT,100333,SW1225010000003767,-,-,SW-DG132THC-620W,A GRADE
468,2025-12-14,-,-,620 WATT,100333,SW1225010000003217,-,-,SW-DG132THC-620W,A GRADE
469,2025-12-26,-,-,620 WATT,100394,SW0126010000003779,-,-,SW-DG132THC-620W,A GRADE
470,2025-12-26,-,-,620 WATT,100394,SW0126010000000283,-,-,SW-DG132THC-620W,A GRADE
471,2025-12-26,-,-,620 WATT,100394,SW0126010000000588,-,-,SW-DG132THC-620W,A GRADE
472,2025-12-26,-,-,620 WATT,100394,SW0126010000000241,-,-,SW-DG132THC-620W,A GRADE
473,2025-12-26,-,-,620 WATT,100394,SW0126010000000668,-,-,SW-DG132THC-620W,A GRADE
474,2025-12-26,-,-,620 WATT,100394,SW0126010000000613,-,-,SW-DG132THC-620W,A GRADE
475,2025-12-26,-,-,620 WATT,100394,SW1225010000003162,-,-,SW-DG132THC-620W,A GRADE
476,2025-12-26,-,-,620 WATT,100394,SW0126010000000446,-,-,SW-DG132THC-620W,A GRADE
477,2025-12-26,-,-,620 WATT,100394,SW0126010000000722,-,-,SW-DG132THC-620W,A GRADE
478,2025-12-26,-,-,620 WATT,100394,SW1225010000006745,-,-,SW-DG132THC-620W,A GRADE
479,2025-12-26,-,-,620 WATT,100394,SW0126010000003616,-,-,SW-DG132THC-620W,A GRADE
480,2025-12-26,-,-,620 WATT,100394,SW0126010000003540,-,-,SW-DG132THC-620W,A GRADE
481,2025-12-26,-,-,620 WATT,100394,SW0126010000003630,-,-,SW-DG132THC-620W,A GRADE
482,2025-12-26,-,-,620 WATT,100394,SW0126010000003659,-,-,SW-DG132THC-620W,A GRADE
483,2025-12-26,-,-,620 WATT,100394,SW0126010000003636,-,-,SW-DG132THC-620W,A GRADE
484,2025-12-26,-,-,620 WATT,100394,SW0126010000001675,-,-,SW-DG132THC-620W,A GRADE
485,2025-12-26,-,-,620 WATT,100394,SW0126010000001933,-,-,SW-DG132THC-620W,A GRADE
486,2025-12-26,-,-,620 WATT,100394,SW0126010000002493,-,-,SW-DG132THC-620W,A GRADE
487,2025-12-26,-,-,620 WATT,100394,SW0126010000002684,-,-,SW-DG132THC-620W,A GRADE
488,2025-12-26,-,-,620 WATT,100394,SW0126010000002487,-,-,SW-DG132THC-620W,A GRADE
489,2025-12-26,-,-,620 WATT,100394,SW0126010000003622,-,-,SW-DG132THC-620W,A GRADE
490,2025-12-26,-,-,620 WATT,100394,SW0126010000003618,-,-,SW-DG132THC-620W,A GRADE
491,2025-12-26,-,-,620 WATT,100394,SW0126010000001878,-,-,SW-DG132THC-620W,A GRADE
492,2025-12-26,-,-,620 WATT,100394,SW0126010000002520,-,-,SW-DG132THC-620W,A GRADE
493,2025-12-26,-,-,620 WATT,100394,SW0126010000001667,-,-,SW-DG132THC-620W,A GRADE
494,2025-12-26,-,-,620 WATT,100394,SW0126010000001884,-,-,SW-DG132THC-620W,A GRADE
495,2025-12-26,-,-,620 WATT,100394,SW0126010000003228,-,-,SW-DG132THC-620W,A GRADE
496,2025-12-26,-,-,620 WATT,100394,SW0126010000003388,-,-,SW-DG132THC-620W,A GRADE
497,2025-12-26,-,-,620 WATT,100394,SW0126010000003306,-,-,SW-DG132THC-620W,A GRADE
498,2025-12-26,-,-,620 WATT,100394,SW0126010000003435,-,-,SW-DG132THC-620W,A GRADE
499,2025-12-26,-,-,620 WATT,100394,SW0126010000001763,-,-,SW-DG132THC-620W,A GRADE
500,2025-12-26,-,-,620 WATT,100394,SW0126010000003143,-,-,SW-DG132THC-620W,A GRADE
501,2025-12-26,-,-,620 WATT,100394,SW0126010000001216,-,-,SW-DG132THC-620W,A GRADE
502,2025-12-26,-,-,620 WATT,100394,SW0126010000001282,-,-,SW-DG132THC-620W,A GRADE
503,2025-12-26,-,-,620 WATT,100394,SW0126010000001376,-,-,SW-DG132THC-620W,A GRADE
504,2025-12-26,-,-,620 WATT,100394,SW0126010000003080,-,-,SW-DG132THC-620W,A GRADE
505,2025-12-13,-,-,620 WATT,100296,SW1225010000005973,-,-,SW-DG132THC-620W,A GRADE
506,2025-12-13,-,-,620 WATT,100296,SW1225010000005975,-,-,SW-DG132THC-620W,A GRADE
507,2025-12-13,-,-,620 WATT,100296,SW1225010000005977,-,-,SW-DG132THC-620W,A GRADE
508,2025-12-13,-,-,620 WATT,100296,SW1225010000005974,-,-,SW-DG132THC-620W,A GRADE
509,2025-12-13,-,-,620 WATT,100296,SW0126010000000946,-,-,SW-DG132THC-620W,A GRADE
510,2025-12-13,-,-,620 WATT,100296,SW0126010000000950,-,-,SW-DG132THC-620W,A GRADE
511,2025-12-13,-,-,620 WATT,100296,SW1225010000005976,-,-,SW-DG132THC-620W,A GRADE
512,2025-12-13,-,-,620 WATT,100296,SW1225010000005878,-,-,SW-DG132THC-620W,A GRADE
513,2025-12-13,-,-,620 WATT,100296,SW0126010000000941,-,-,SW-DG132THC-620W,A GRADE
514,2025-12-13,-,-,620 WATT,100296,SW0126010000000936,-,-,SW-DG132THC-620W,A GRADE
515,2025-12-13,-,-,620 WATT,100296,SW0126010000000553,-,-,SW-DG132THC-620W,A GRADE
516,2025-12-13,-,-,620 WATT,100296,SW0126010000000560,-,-,SW-DG132THC-620W,A GRADE
517,2025-12-13,-,-,620 WATT,100296,SW0126010000000526,-,-,SW-DG132THC-620W,A GRADE
518,2025-12-13,-,-,620 WATT,100296,SW0126010000000520,-,-,SW-DG132THC-620W,A GRADE
519,2025-12-13,-,-,620 WATT,100296,SW0126010000000522,-,-,SW-DG132THC-620W,A GRADE
520,2025-12-13,-,-,620 WATT,100296,SW0126010000000539,-,-,SW-DG132THC-620W,A GRADE
521,2025-12-13,-,-,620 WATT,100296,SW0126010000000924,-,-,SW-DG132THC-620W,A GRADE
522,2025-12-13,-,-,620 WATT,100296,SW0126010000000912,-,-,SW-DG132THC-620W,A GRADE
523,2025-12-13,-,-,620 WATT,100296,SW0126010000000542,-,-,SW-DG132THC-620W,A GRADE
524,2025-12-13,-,-,620 WATT,100296,SW0126010000000512,-,-,SW-DG132THC-620W,A GRADE
525,2025-12-13,-,-,620 WATT,100296,SW0126010000000505,-,-,SW-DG132THC-620W,A GRADE
526,2025-12-13,-,-,620 WATT,100296,SW0126010000000546,-,-,SW-DG132THC-620W,A GRADE
527,2025-12-13,-,-,620 WATT,100296,SW0126010000000499,-,-,SW-DG132THC-620W,A GRADE
528,2025-12-13,-,-,620 WATT,100296,SW0126010000000493,-,-,SW-DG132THC-620W,A GRADE
529,2025-12-13,-,-,620 WATT,100296,SW0126010000000371,-,-,SW-DG132THC-620W,A GRADE
530,2025-12-13,-,-,620 WATT,100296,SW0126010000000365,-,-,SW-DG132THC-620W,A GRADE
531,2025-12-13,-,-,620 WATT,100296,SW0126010000000351,-,-,SW-DG132THC-620W,A GRADE
532,2025-12-13,-,-,620 WATT,100296,SW0126010000000971,-,-,SW-DG132THC-620W,A GRADE
533,2025-12-13,-,-,620 WATT,100296,SW0126010000000357,-,-,SW-DG132THC-620W,A GRADE
534,2025-12-13,-,-,620 WATT,100296,SW0126010000000355,-,-,SW-DG132THC-620W,A GRADE
535,2025-12-13,-,-,620 WATT,100296,SW1225010000002859,-,-,SW-DG132THC-620W,A GRADE
536,2025-12-13,-,-,620 WATT,100296,SW0126010000000615,-,-,SW-DG132THC-620W,A GRADE
537,2025-12-13,-,-,620 WATT,100296,SW1225010000005515,-,-,SW-DG132THC-620W,A GRADE
538,2025-12-13,-,-,620 WATT,100296,SW0326010000003905,-,-,SW-DG132THC-620W,A GRADE
539,2025-12-13,-,-,620 WATT,100296,SW0126010000000545,-,-,SW-DG132THC-620W,A GRADE
540,2025-12-13,-,-,620 WATT,100296,SW0126010000000528,-,-,SW-DG132THC-620W,A GRADE
541,2026-01-03,-,-,620 WATT,SW12600006-36,SW0126010000006129,-,-,SW-DG132THC-620W,A GRADE
542,2026-01-03,-,-,620 WATT,SW12600006-36,SW0126010000006141,-,-,SW-DG132THC-620W,A GRADE
543,2026-01-03,-,-,620 WATT,SW12600006-36,SW0126010000006137,-,-,SW-DG132THC-620W,A GRADE
544,2026-01-03,-,-,620 WATT,SW12600006-36,SW0126010000006131,-,-,SW-DG132THC-620W,A GRADE
545,2026-01-03,-,-,620 WATT,SW12600006-36,SW0126010000006130,-,-,SW-DG132THC-620W,A GRADE
546,2026-01-03,-,-,620 WATT,SW12600006-36,SW0126010000006106,-,-,SW-DG132THC-620W,A GRADE
547,2026-01-03,-,-,620 WATT,SW12600006-36,SW0126010000006152,-,-,SW-DG132THC-620W,A GRADE
548,2026-01-03,-,-,620 WATT,SW12600006-36,SW0126010000006151,-,-,SW-DG132THC-620W,A GRADE
549,2026-01-03,-,-,620 WATT,SW12600006-36,SW0126010000006157,-,-,SW-DG132THC-620W,A GRADE
550,2026-01-03,-,-,620 WATT,SW12600006-36,SW0126010000006124,-,-,SW-DG132THC-620W,A GRADE
551,2026-01-03,-,-,620 WATT,SW12600006-36,SW0126010000006140,-,-,SW-DG132THC-620W,A GRADE
552,2026-01-03,-,-,620 WATT,SW12600006-36,SW0126010000006154,-,-,SW-DG132THC-620W,A GRADE
553,2026-01-03,-,-,620 WATT,SW12600006-36,SW0126010000006120,-,-,SW-DG132THC-620W,A GRADE
554,2026-01-03,-,-,620 WATT,SW12600006-36,SW0126010000006164,-,-,SW-DG132THC-620W,A GRADE
555,2026-01-03,-,-,620 WATT,SW12600006-36,SW0126010000006147,-,-,SW-DG132THC-620W,A GRADE
556,2026-01-03,-,-,620 WATT,SW12600006-36,SW0126010000006122,-,-,SW-DG132THC-620W,A GRADE
557,2026-01-03,-,-,620 WATT,SW12600006-36,SW0126010000006126,-,-,SW-DG132THC-620W,A GRADE
558,2026-01-03,-,-,620 WATT,SW12600006-36,SW0126010000006163,-,-,SW-DG132THC-620W,A GRADE
559,2026-01-03,-,-,620 WATT,SW12600006-36,SW0126010000006168,-,-,SW-DG132THC-620W,A GRADE
560,2026-01-03,-,-,620 WATT,SW12600006-36,SW0126010000006118,-,-,SW-DG132THC-620W,A GRADE
561,2026-01-03,-,-,620 WATT,SW12600006-36,SW0126010000006189,-,-,SW-DG132THC-620W,A GRADE
562,2026-01-03,-,-,620 WATT,SW12600006-36,SW0126010000006165,-,-,SW-DG132THC-620W,A GRADE
563,2026-01-03,-,-,620 WATT,SW12600006-36,SW0126010000006180,-,-,SW-DG132THC-620W,A GRADE
564,2026-01-03,-,-,620 WATT,SW12600006-36,SW0126010000006175,-,-,SW-DG132THC-620W,A GRADE
565,2026-01-03,-,-,620 WATT,SW12600006-36,SW0126010000006162,-,-,SW-DG132THC-620W,A GRADE
566,2026-01-03,-,-,620 WATT,SW12600006-36,SW0126010000006170,-,-,SW-DG132THC-620W,A GRADE
567,2026-01-03,-,-,620 WATT,SW12600006-36,SW0126010000006172,-,-,SW-DG132THC-620W,A GRADE
568,2026-01-03,-,-,620 WATT,SW12600006-36,SW0126010000006097,-,-,SW-DG132THC-620W,A GRADE
569,2026-01-03,-,-,620 WATT,SW12600006-36,SW0126010000006095,-,-,SW-DG132THC-620W,A GRADE
570,2026-01-03,-,-,620 WATT,SW12600006-36,SW0126010000006072,-,-,SW-DG132THC-620W,A GRADE
571,2026-01-03,-,-,620 WATT,SW12600006-36,SW0126010000006068,-,-,SW-DG132THC-620W,A GRADE
572,2026-01-03,-,-,620 WATT,SW12600006-36,SW0126010000006066,-,-,SW-DG132THC-620W,A GRADE
573,2026-01-03,-,-,620 WATT,SW12600006-36,SW0126010000006063,-,-,SW-DG132THC-620W,A GRADE
574,2026-01-03,-,-,620 WATT,SW12600006-36,SW0126010000006064,-,-,SW-DG132THC-620W,A GRADE
575,2026-01-03,-,-,620 WATT,SW12600006-36,SW0126010000006065,-,-,SW-DG132THC-620W,A GRADE
576,2026-01-03,-,-,620 WATT,SW12600006-36,SW0126010000006090,-,-,SW-DG132THC-620W,A GRADE
577,2026-01-03,-,-,620 WATT,SW12600008-36,SW0126010000006184,-,-,SW-DG132THC-620W,A GRADE
578,2026-01-03,-,-,620 WATT,SW12600008-36,SW0126010000006061,-,-,SW-DG132THC-620W,A GRADE
579,2026-01-03,-,-,620 WATT,SW12600008-36,SW0126010000006080,-,-,SW-DG132THC-620W,A GRADE
580,2026-01-03,-,-,620 WATT,SW12600008-36,SW0126010000006116,-,-,SW-DG132THC-620W,A GRADE
581,2026-01-03,-,-,620 WATT,SW12600008-36,SW0126010000006229,-,-,SW-DG132THC-620W,A GRADE
582,2026-01-03,-,-,620 WATT,SW12600008-36,SW0126010000006193,-,-,SW-DG132THC-620W,A GRADE
583,2026-01-03,-,-,620 WATT,SW12600008-36,SW0126010000006234,-,-,SW-DG132THC-620W,A GRADE
584,2026-01-03,-,-,620 WATT,SW12600008-36,SW0126010000006202,-,-,SW-DG132THC-620W,A GRADE
585,2026-01-03,-,-,620 WATT,SW12600008-36,SW0126010000006206,-,-,SW-DG132THC-620W,A GRADE
586,2026-01-03,-,-,620 WATT,SW12600008-36,SW0126010000006178,-,-,SW-DG132THC-620W,A GRADE
587,2026-01-03,-,-,620 WATT,SW12600008-36,SW0126010000006205,-,-,SW-DG132THC-620W,A GRADE
588,2026-01-03,-,-,620 WATT,SW12600008-36,SW0126010000006243,-,-,SW-DG132THC-620W,A GRADE
589,2026-01-03,-,-,620 WATT,SW12600008-36,SW0126010000006199,-,-,SW-DG132THC-620W,A GRADE
590,2026-01-03,-,-,620 WATT,SW12600008-36,SW0126010000006201,-,-,SW-DG132THC-620W,A GRADE
591,2026-01-03,-,-,620 WATT,SW12600008-36,SW0126010000006213,-,-,SW-DG132THC-620W,A GRADE
592,2026-01-03,-,-,620 WATT,SW12600008-36,SW0126010000006236,-,-,SW-DG132THC-620W,A GRADE
593,2026-01-03,-,-,620 WATT,SW12600008-36,SW0126010000006185,-,-,SW-DG132THC-620W,A GRADE
594,2026-01-03,-,-,620 WATT,SW12600008-36,SW0126010000005906,-,-,SW-DG132THC-620W,A GRADE
595,2026-01-03,-,-,620 WATT,SW12600008-36,SW0126010000006104,-,-,SW-DG132THC-620W,A GRADE
596,2026-01-03,-,-,620 WATT,SW12600008-36,SW0126010000006245,-,-,SW-DG132THC-620W,A GRADE
597,2026-01-03,-,-,620 WATT,SW12600008-36,SW0126010000006183,-,-,SW-DG132THC-620W,A GRADE
598,2026-01-03,-,-,620 WATT,SW12600008-36,SW0126010000006062,-,-,SW-DG132THC-620W,A GRADE
599,2026-01-03,-,-,620 WATT,SW12600008-36,SW0126010000006182,-,-,SW-DG132THC-620W,A GRADE
600,2026-01-03,-,-,620 WATT,SW12600008-36,SW0126010000006219,-,-,SW-DG132THC-620W,A GRADE
601,2026-01-03,-,-,620 WATT,SW12600008-36,SW0126010000006190,-,-,SW-DG132THC-620W,A GRADE
602,2026-01-03,-,-,620 WATT,SW12600008-36,SW0126010000005851,-,-,SW-DG132THC-620W,A GRADE
603,2026-01-03,-,-,620 WATT,SW12600008-36,SW0126010000006211,-,-,SW-DG132THC-620W,A GRADE
604,2026-01-03,-,-,620 WATT,SW12600008-36,SW0126010000006208,-,-,SW-DG132THC-620W,A GRADE
605,2026-01-03,-,-,620 WATT,SW12600008-36,SW0126010000006209,-,-,SW-DG132THC-620W,A GRADE
606,2026-01-03,-,-,620 WATT,SW12600008-36,SW0126010000005955,-,-,SW-DG132THC-620W,A GRADE
607,2026-01-03,-,-,620 WATT,SW12600008-36,SW0126010000006153,-,-,SW-DG132THC-620W,A GRADE
608,2026-01-03,-,-,620 WATT,SW12600008-36,SW0126010000006200,-,-,SW-DG132THC-620W,A GRADE
609,2026-01-03,-,-,620 WATT,SW12600008-36,SW0126010000006228,-,-,SW-DG132THC-620W,A GRADE
610,2026-01-03,-,-,620 WATT,SW12600008-36,SW0126010000006207,-,-,SW-DG132THC-620W,A GRADE
611,2026-01-03,-,-,620 WATT,SW12600008-36,SW0126010000006158,-,-,SW-DG132THC-620W,A GRADE
612,2026-01-03,-,-,620 WATT,SW12600008-36,SW0126010000006004,-,-,SW-DG132THC-620W,A GRADE
613,2026-01-03,-,-,620 WATT,SW12600009-36,SW0126010000006058,-,-,SW-DG132THC-620W,A GRADE
614,2026-01-03,-,-,620 WATT,SW12600009-36,SW0126010000005847,-,-,SW-DG132THC-620W,A GRADE
615,2026-01-03,-,-,620 WATT,SW12600009-36,SW0126010000006156,-,-,SW-DG132THC-620W,A GRADE
616,2026-01-03,-,-,620 WATT,SW12600009-36,SW0126010000005922,-,-,SW-DG132THC-620W,A GRADE
617,2026-01-03,-,-,620 WATT,SW12600009-36,SW0126010000005925,-,-,SW-DG132THC-620W,A GRADE
618,2026-01-03,-,-,620 WATT,SW12600009-36,SW0126010000005871,-,-,SW-DG132THC-620W,A GRADE
619,2026-01-03,-,-,620 WATT,SW12600009-36,SW0126010000005893,-,-,SW-DG132THC-620W,A GRADE
620,2026-01-03,-,-,620 WATT,SW12600009-36,SW0126010000006109,-,-,SW-DG132THC-620W,A GRADE
621,2026-01-03,-,-,620 WATT,SW12600009-36,SW0126010000005834,-,-,SW-DG132THC-620W,A GRADE
622,2026-01-03,-,-,620 WATT,SW12600009-36,SW0126010000006023,-,-,SW-DG132THC-620W,A GRADE
623,2026-01-03,-,-,620 WATT,SW12600009-36,SW0126010000005987,-,-,SW-DG132THC-620W,A GRADE
624,2026-01-03,-,-,620 WATT,SW12600009-36,SW0126010000005917,-,-,SW-DG132THC-620W,A GRADE
625,2026-01-03,-,-,620 WATT,SW12600009-36,SW0126010000005988,-,-,SW-DG132THC-620W,A GRADE
626,2026-01-03,-,-,620 WATT,SW12600009-36,SW0126010000006150,-,-,SW-DG132THC-620W,A GRADE
627,2026-01-03,-,-,620 WATT,SW12600009-36,SW0126010000005867,-,-,SW-DG132THC-620W,A GRADE
628,2026-01-03,-,-,620 WATT,SW12600009-36,SW0126010000006159,-,-,SW-DG132THC-620W,A GRADE
629,2026-01-03,-,-,620 WATT,SW12600009-36,SW0126010000005981,-,-,SW-DG132THC-620W,A GRADE
630,2026-01-03,-,-,620 WATT,SW12600009-36,SW0126010000005782,-,-,SW-DG132THC-620W,A GRADE
631,2026-01-03,-,-,620 WATT,SW12600009-36,SW0126010000005983,-,-,SW-DG132THC-620W,A GRADE
632,2026-01-03,-,-,620 WATT,SW12600009-36,SW0126010000005896,-,-,SW-DG132THC-620W,A GRADE
633,2026-01-03,-,-,620 WATT,SW12600009-36,SW0126010000005878,-,-,SW-DG132THC-620W,A GRADE
634,2026-01-03,-,-,620 WATT,SW12600009-36,SW0126010000005976,-,-,SW-DG132THC-620W,A GRADE
635,2026-01-03,-,-,620 WATT,SW12600009-36,SW0126010000005862,-,-,SW-DG132THC-620W,A GRADE
636,2026-01-03,-,-,620 WATT,SW12600009-36,SW0126010000005918,-,-,SW-DG132THC-620W,A GRADE
637,2026-01-03,-,-,620 WATT,SW12600009-36,SW0126010000005830,-,-,SW-DG132THC-620W,A GRADE
638,2026-01-03,-,-,620 WATT,SW12600009-36,SW0126010000006142,-,-,SW-DG132THC-620W,A GRADE
639,2026-01-03,-,-,620 WATT,SW12600009-36,SW0126010000006148,-,-,SW-DG132THC-620W,A GRADE
640,2026-01-03,-,-,620 WATT,SW12600009-36,SW0126010000005975,-,-,SW-DG132THC-620W,A GRADE
641,2026-01-03,-,-,620 WATT,SW12600009-36,SW0126010000006166,-,-,SW-DG132THC-620W,A GRADE
642,2026-01-03,-,-,620 WATT,SW12600009-36,SW0126010000005914,-,-,SW-DG132THC-620W,A GRADE
643,2026-01-03,-,-,620 WATT,SW12600009-36,SW0126010000005993,-,-,SW-DG132THC-620W,A GRADE
644,2026-01-03,-,-,620 WATT,SW12600009-36,SW0126010000005882,-,-,SW-DG132THC-620W,A GRADE
645,2026-01-03,-,-,620 WATT,SW12600009-36,SW0126010000005833,-,-,SW-DG132THC-620W,A GRADE
646,2026-01-03,-,-,620 WATT,SW12600009-36,SW0126010000006029,-,-,SW-DG132THC-620W,A GRADE
647,2026-01-03,-,-,620 WATT,SW12600009-36,SW0126010000005978,-,-,SW-DG132THC-620W,A GRADE
648,2026-01-03,-,-,620 WATT,SW12600009-36,SW0126010000005996,-,-,SW-DG132THC-620W,A GRADE
649,2026-01-03,-,-,620 WATT,SW12600010-36,SW0126010000006086,-,-,SW-DG132THC-620W,A GRADE
650,2026-01-03,-,-,620 WATT,SW12600010-36,SW0126010000006111,-,-,SW-DG132THC-620W,A GRADE
651,2026-01-03,-,-,620 WATT,SW12600010-36,SW0126010000006179,-,-,SW-DG132THC-620W,A GRADE
652,2026-01-03,-,-,620 WATT,SW12600010-36,SW0126010000006093,-,-,SW-DG132THC-620W,A GRADE
653,2026-01-03,-,-,620 WATT,SW12600010-36,SW0126010000006181,-,-,SW-DG132THC-620W,A GRADE
654,2026-01-03,-,-,620 WATT,SW12600010-36,SW0126010000006191,-,-,SW-DG132THC-620W,A GRADE
655,2026-01-03,-,-,620 WATT,SW12600010-36,SW0126010000006110,-,-,SW-DG132THC-620W,A GRADE
656,2026-01-03,-,-,620 WATT,SW12600010-36,SW0126010000006174,-,-,SW-DG132THC-620W,A GRADE
657,2026-01-03,-,-,620 WATT,SW12600010-36,SW0126010000006194,-,-,SW-DG132THC-620W,A GRADE
658,2026-01-03,-,-,620 WATT,SW12600010-36,SW0126010000006115,-,-,SW-DG132THC-620W,A GRADE
659,2026-01-03,-,-,620 WATT,SW12600010-36,SW0126010000006171,-,-,SW-DG132THC-620W,A GRADE
660,2026-01-03,-,-,620 WATT,SW12600010-36,SW0126010000006074,-,-,SW-DG132THC-620W,A GRADE
661,2026-01-03,-,-,620 WATT,SW12600010-36,SW0126010000006173,-,-,SW-DG132THC-620W,A GRADE
662,2026-01-03,-,-,620 WATT,SW12600010-36,SW0126010000006192,-,-,SW-DG132THC-620W,A GRADE
663,2026-01-03,-,-,620 WATT,SW12600010-36,SW0126010000006132,-,-,SW-DG132THC-620W,A GRADE
664,2026-01-03,-,-,620 WATT,SW12600010-36,SW0126010000006203,-,-,SW-DG132THC-620W,A GRADE
665,2026-01-03,-,-,620 WATT,SW12600010-36,SW0126010000006198,-,-,SW-DG132THC-620W,A GRADE
666,2026-01-03,-,-,620 WATT,SW12600010-36,SW0126010000006187,-,-,SW-DG132THC-620W,A GRADE
667,2026-01-03,-,-,620 WATT,SW12600010-36,SW0126010000006125,-,-,SW-DG132THC-620W,A GRADE
668,2026-01-03,-,-,620 WATT,SW12600010-36,SW0126010000006149,-,-,SW-DG132THC-620W,A GRADE
669,2026-01-03,-,-,620 WATT,SW12600010-36,SW0126010000006145,-,-,SW-DG132THC-620W,A GRADE
670,2026-01-03,-,-,620 WATT,SW12600010-36,SW0126010000005825,-,-,SW-DG132THC-620W,A GRADE
671,2026-01-03,-,-,620 WATT,SW12600010-36,SW0126010000006212,-,-,SW-DG132THC-620W,A GRADE
672,2026-01-03,-,-,620 WATT,SW12600010-36,SW0126010000006186,-,-,SW-DG132THC-620W,A GRADE
673,2026-01-03,-,-,620 WATT,SW12600010-36,SW0126010000006197,-,-,SW-DG132THC-620W,A GRADE
674,2026-01-03,-,-,620 WATT,SW12600010-36,SW0126010000005802,-,-,SW-DG132THC-620W,A GRADE
675,2026-01-03,-,-,620 WATT,SW12600010-36,SW0126010000006169,-,-,SW-DG132THC-620W,A GRADE
676,2026-01-03,-,-,620 WATT,SW12600010-36,SW0126010000006114,-,-,SW-DG132THC-620W,A GRADE
677,2026-01-03,-,-,620 WATT,SW12600010-36,SW0126010000006195,-,-,SW-DG132THC-620W,A GRADE
678,2026-01-03,-,-,620 WATT,SW12600010-36,SW0126010000006099,-,-,SW-DG132THC-620W,A GRADE
679,2026-01-03,-,-,620 WATT,SW12600010-36,SW0126010000006196,-,-,SW-DG132THC-620W,A GRADE
680,2026-01-03,-,-,620 WATT,SW12600010-36,SW0126010000006177,-,-,SW-DG132THC-620W,A GRADE
681,2026-01-03,-,-,620 WATT,SW12600010-36,SW0126010000006113,-,-,SW-DG132THC-620W,A GRADE
682,2026-01-03,-,-,620 WATT,SW12600010-36,SW0126010000006123,-,-,SW-DG132THC-620W,A GRADE
683,2026-01-03,-,-,620 WATT,SW12600010-36,SW0126010000006138,-,-,SW-DG132THC-620W,A GRADE
684,2026-01-03,-,-,620 WATT,SW12600010-36,SW0126010000006161,-,-,SW-DG132THC-620W,A GRADE
685,2026-01-04,-,-,620 WATT,SW12600012-36,SW0126010000006295,-,-,SW-DG132THC-620W,A GRADE
686,2026-01-04,-,-,620 WATT,SW12600012-36,SW0126010000006294,-,-,SW-DG132THC-620W,A GRADE
687,2026-01-04,-,-,620 WATT,SW12600012-36,SW0126010000006285,-,-,SW-DG132THC-620W,A GRADE
688,2026-01-04,-,-,620 WATT,SW12600012-36,SW0126010000006281,-,-,SW-DG132THC-620W,A GRADE
689,2026-01-04,-,-,620 WATT,SW12600012-36,SW0126010000006268,-,-,SW-DG132THC-620W,A GRADE
690,2026-01-04,-,-,620 WATT,SW12600012-36,SW0126010000006260,-,-,SW-DG132THC-620W,A GRADE
691,2026-01-04,-,-,620 WATT,SW12600012-36,SW0126010000006289,-,-,SW-DG132THC-620W,A GRADE
692,2026-01-04,-,-,620 WATT,SW12600012-36,SW0126010000006279,-,-,SW-DG132THC-620W,A GRADE
693,2026-01-04,-,-,620 WATT,SW12600012-36,SW0126010000006237,-,-,SW-DG132THC-620W,A GRADE
694,2026-01-04,-,-,620 WATT,SW12600012-36,SW0126010000006275,-,-,SW-DG132THC-620W,A GRADE
695,2026-01-04,-,-,620 WATT,SW12600012-36,SW0126010000006253,-,-,SW-DG132THC-620W,A GRADE
696,2026-01-04,-,-,620 WATT,SW12600012-36,SW0126010000006278,-,-,SW-DG132THC-620W,A GRADE
697,2026-01-04,-,-,620 WATT,SW12600012-36,SW0126010000006266,-,-,SW-DG132THC-620W,A GRADE
698,2026-01-04,-,-,620 WATT,SW12600012-36,SW0126010000006292,-,-,SW-DG132THC-620W,A GRADE
699,2026-01-04,-,-,620 WATT,SW12600012-36,SW0126010000006298,-,-,SW-DG132THC-620W,A GRADE
700,2026-01-04,-,-,620 WATT,SW12600012-36,SW0126010000006305,-,-,SW-DG132THC-620W,A GRADE
701,2026-01-04,-,-,620 WATT,SW12600012-36,SW0126010000005682,-,-,SW-DG132THC-620W,A GRADE
702,2026-01-04,-,-,620 WATT,SW12600012-36,SW0126010000005450,-,-,SW-DG132THC-620W,A GRADE
703,2026-01-04,-,-,620 WATT,SW12600012-36,SW0126010000005082,-,-,SW-DG132THC-620W,A GRADE
704,2026-01-04,-,-,620 WATT,SW12600012-36,SW0126010000006241,-,-,SW-DG132THC-620W,A GRADE
705,2026-01-04,-,-,620 WATT,SW12600012-36,SW0126010000006242,-,-,SW-DG132THC-620W,A GRADE
706,2026-01-04,-,-,620 WATT,SW12600012-36,SW0126010000006251,-,-,SW-DG132THC-620W,A GRADE
707,2026-01-04,-,-,620 WATT,SW12600012-36,SW0126010000006248,-,-,SW-DG132THC-620W,A GRADE
708,2026-01-04,-,-,620 WATT,SW12600012-36,SW0126010000006239,-,-,SW-DG132THC-620W,A GRADE
709,2026-01-04,-,-,620 WATT,SW12600012-36,SW0126010000006254,-,-,SW-DG132THC-620W,A GRADE
710,2026-01-04,-,-,620 WATT,SW12600012-36,SW0126010000006256,-,-,SW-DG132THC-620W,A GRADE
711,2026-01-04,-,-,620 WATT,SW12600012-36,SW0126010000006244,-,-,SW-DG132THC-620W,A GRADE
712,2026-01-04,-,-,620 WATT,SW12600012-36,SW0126010000005900,-,-,SW-DG132THC-620W,A GRADE
713,2026-01-04,-,-,620 WATT,SW12600012-36,SW0126010000005875,-,-,SW-DG132THC-620W,A GRADE
714,2026-01-04,-,-,620 WATT,SW12600012-36,SW0126010000006313,-,-,SW-DG132THC-620W,A GRADE
715,2026-01-04,-,-,620 WATT,SW12600012-36,SW0126010000006328,-,-,SW-DG132THC-620W,A GRADE
716,2026-01-04,-,-,620 WATT,SW12600012-36,SW0126010000005876,-,-,SW-DG132THC-620W,A GRADE
717,2026-01-04,-,-,620 WATT,SW12600012-36,SW0126010000005872,-,-,SW-DG132THC-620W,A GRADE
718,2026-01-04,-,-,620 WATT,SW12600012-36,SW0126010000005881,-,-,SW-DG132THC-620W,A GRADE
719,2026-01-04,-,-,620 WATT,SW12600012-36,SW0126010000005912,-,-,SW-DG132THC-620W,A GRADE
720,2026-01-04,-,-,620 WATT,SW12600012-36,SW0126010000005910,-,-,SW-DG132THC-620W,A GRADE
